ID,price
7000,187.303
7001,166.63275
7002,167.0705
7003,172.7955
7004,146.404
7005,181.12
7006,186.43075
7007,171.84925
7008,92.534
7009,356.8545
7010,198.40975
7011,268.2095
7012,143.49725
7013,423.771
7014,208.7695
7015,220.66225
7016,163.19475
7017,153.218
7018,295.35075
7019,375.10125
7020,393.4425
7021,601.242
7022,280.06575
7023,179.1335
7024,258.65675
7025,209.063
7026,272.22525
7027,192.22625
7028,259.6085
7029,338.765
7030,89.93825
7031,254.24725
7032,67.733
7033,92.06325
7034,82.874
7035,134.92925
7036,222.058
7037,279.145
7038,226.022
7039,196.933
7040,568.931
7041,232.926
7042,172.045
7043,243.508
7044,92.374
7045,513.2965
7046,78.235
7047,195.872
7048,199.48475
7049,77.074
7050,181.87125
7051,381.51875
7052,221.55
7053,223.54825
7054,367.4135
7055,243.00125
7056,173.86875
7057,156.446
7058,158.076
7059,309.53525
7060,398.747
7061,260.29625
7062,130.27825
7063,195.5375
7064,164.88775
7065,106.216
7066,187.616
7067,177.451
7068,61.716
7069,75.483
7070,163.80075
7071,231.3575
7072,80.22825
7073,584.776
7074,195.618
7075,216.3125
7076,221.3875
7077,134.83325
7078,81.827
7079,81.869
7080,240.0945
7081,239.93775
7082,121.662
7083,170.158
7084,73.975
7085,196.849
7086,311.145
7087,165.8505
7088,125.981
7089,350.3175
7090,355.95925
7091,178.796
7092,313.748
7093,186.773
7094,169.824
7095,396.6995
7096,228.27075
7097,444.5295
7098,303.55025
7099,156.4615
7100,290.4865
7101,190.08925
7102,111.605
7103,202.4905
7104,184.5515
7105,162.76825
7106,241.11075
7107,288.02
7108,138.15325
7109,243.21825
7110,144.69225
7111,218.9935
7112,250.39225
7113,296.40225
7114,234.681
7115,467.48475
7116,429.54375
7117,198.25675
7118,439.9365
7119,199.284
7120,232.98375
7121,612.07525
7122,295.96625
7123,277.10025
7124,211.286
7125,131.476
7126,181.63475
7127,268.76025
7128,232.95475
7129,336.945
7130,105.587
7131,119.313
7132,521.33325
7133,407.0515
7134,282.2565
7135,80.88
7136,207.8395
7137,314.7515
7138,180.77175
7139,153.86
7140,85.217
7141,176.99125
7142,519.75925
7143,151.125
7144,64.448
7145,410.1905
7146,295.55575
7147,174.21425
7148,84.287
7149,544.68975
7150,489.6735
7151,195.25425
7152,393.046
7153,173.138
7154,202.01575
7155,223.048
7156,179.76325
7157,209.53875
7158,188.611
7159,186.054
7160,169.87525
7161,166.81975
7162,102.1225
7163,71.292
7164,254.8345
7165,566.117
7166,123.728
7167,323.6975
7168,361.60025
7169,412.90625
7170,149.303
7171,156.753
7172,71.51
7173,70.01425
7174,241.8885
7175,280.1945
7176,630.54475
7177,348.39275
7178,225.485
7179,261.60225
7180,240.567
7181,230.205
7182,310.792
7183,358.50275
7184,72.232
7185,184.83
7186,581.00925
7187,191.55
7188,431.9685
7189,231.198
7190,75.013
7191,80.535
7192,284.41525
7193,144.137
7194,302.98175
7195,152.83975
7196,94.342
7197,163.443
7198,344.7875
7199,218.02775
7200,142.34075
7201,185.91275
7202,294.58
7203,280.13725
7204,151.9715
7205,171.64325
7206,168.238
7207,333.44325
7208,155.3305
7209,278.7565
7210,590.0245
7211,212.333
7212,273.767
7213,366.12225
7214,216.831
7215,134.428
7216,345.169
7217,157.62625
7218,176.549
7219,244.8555
7220,131.9145
7221,239.1565
7222,262.97925
7223,184.26925
7224,185.76875
7225,186.3045
7226,277.1915
7227,185.0
7228,95.004
7229,400.35725
7230,181.87025
7231,272.8355
7232,142.03425
7233,106.301
7234,110.9435
7235,103.422
7236,231.748
7237,525.18875
7238,404.45875
7239,123.924
7240,211.20075
7241,185.419
7242,199.93825
7243,254.38
7244,310.99525
7245,164.6425
7246,177.7345
7247,473.415
7248,167.25375
7249,88.1555
7250,320.73225
7251,182.988
7252,298.091
7253,292.6835
7254,164.76525
7255,180.9275
7256,421.14325
7257,221.12975
7258,227.47225
7259,223.915
7260,242.7365
7261,118.89
7262,141.373
7263,151.34225
7264,124.73525
7265,148.67025
7266,172.0325
7267,288.47225
7268,292.8035
7269,157.405
7270,109.786
7271,395.392
7272,344.095
7273,248.47575
7274,157.1985
7275,345.4285
7276,318.02675
7277,192.41825
7278,250.777
7279,184.244
7280,309.96375
7281,124.04675
7282,93.5595
7283,252.664
7284,271.07525
7285,182.4105
7286,179.349
7287,520.8275
7288,301.7
7289,261.75125
7290,324.36075
7291,200.26625
7292,172.3165
7293,145.073
7294,570.75275
7295,448.89075
7296,221.0085
7297,216.55075
7298,149.1015
7299,322.7975
7300,213.1055
7301,73.688
7302,70.599
7303,86.44725
7304,176.941
7305,145.487
7306,268.01825
7307,234.247
7308,93.2715
7309,162.04425
7310,212.01075
7311,263.584
7312,196.1115
7313,442.69825
7314,414.9475
7315,187.5285
7316,179.1015
7317,190.36325
7318,192.8245
7319,273.562
7320,166.18875
7321,248.0535
7322,633.9245
7323,326.60975
7324,160.722
7325,206.70025
7326,321.07075
7327,434.1125
7328,71.392
7329,207.6965
7330,171.65
7331,84.259
7332,394.45225
7333,384.86675
7334,269.6525
7335,344.6385
7336,150.078
7337,489.9405
7338,234.6335
7339,175.33575
7340,211.86425
7341,222.76675
7342,219.56825
7343,297.0435
7344,230.5755
7345,313.57275
7346,212.416
7347,143.351
7348,144.0245
7349,202.50625
7350,145.465
7351,131.29525
7352,276.2785
7353,221.61275
7354,158.4755
7355,148.044
7356,176.655
7357,392.285
7358,237.582
7359,404.59525
7360,229.90625
7361,347.543
7362,269.259
7363,189.09
7364,168.814
7365,216.6
7366,269.6965
7367,187.37925
7368,397.32925
7369,132.95975
7370,194.8645
7371,265.37475
7372,160.27675
7373,192.904
7374,222.26775
7375,119.94425
7376,260.41125
7377,442.72775
7378,184.105
7379,144.683
7380,333.439
7381,176.616
7382,221.9825
7383,357.4755
7384,271.4865
7385,298.3505
7386,173.022
7387,334.6195
7388,395.66825
7389,193.37025
7390,479.89525
7391,69.014
7392,171.96225
7393,626.895
7394,440.11125
7395,125.17275
7396,281.47325
7397,264.81175
7398,251.1015
7399,173.7905
7400,273.41125
7401,128.023
7402,88.094
7403,458.55125
7404,62.131
7405,145.66225
7406,213.28675
7407,125.879
7408,262.97425
7409,171.50925
7410,92.209
7411,210.92325
7412,186.486
7413,260.43925
7414,150.6175
7415,185.586
7416,120.174
7417,168.97625
7418,451.554
7419,203.92625
7420,140.17025
7421,184.88075
7422,393.43975
7423,283.8185
7424,283.701
7425,302.06975
7426,285.63
7427,186.19975
7428,194.96825
7429,82.34225
7430,253.6325
7431,68.50525
7432,393.0195
7433,171.449
7434,165.564
7435,214.46675
7436,81.67975
7437,164.70725
7438,214.5465
7439,68.657
7440,69.763
7441,163.25775
7442,99.68425
7443,228.54375
7444,172.188
7445,124.968
7446,249.99025
7447,288.8305
7448,419.053
7449,74.148
7450,503.2045
7451,89.651
7452,179.44125
7453,221.16575
7454,192.8165
7455,137.87425
7456,169.126
7457,156.2585
7458,194.65125
7459,342.9465
7460,196.268
7461,171.818
7462,140.993
7463,245.80725
7464,239.976
7465,248.6915
7466,275.69325
7467,214.714
7468,223.20825
7469,438.20175
7470,165.6965
7471,502.35125
7472,250.3625
7473,230.00225
7474,396.707
7475,293.52825
7476,137.335
7477,76.592
7478,164.15
7479,202.752
7480,266.8875
7481,217.16775
7482,195.6995
7483,195.1655
7484,83.421
7485,85.92
7486,116.26925
7487,403.721
7488,120.097
7489,214.09675
7490,290.55825
7491,220.6375
7492,164.244
7493,264.34075
7494,406.739
7495,95.4995
7496,401.714
7497,396.5315
7498,148.88075
7499,422.643
7500,213.7045
7501,355.5565
7502,163.62925
7503,107.661
7504,288.98325
7505,646.23425
7506,151.79025
7507,213.87
7508,178.464
7509,149.89875
7510,181.891
7511,159.241
7512,154.241
7513,206.76475
7514,166.781
7515,243.76325
7516,181.8885
7517,344.9165
7518,153.154
7519,146.8135
7520,238.51725
7521,202.84925
7522,417.94475
7523,156.651
7524,140.25125
7525,162.20025
7526,305.33875
7527,190.764
7528,282.566
7529,103.02325
7530,189.986
7531,257.8525
7532,297.03125
7533,161.78925
7534,200.404
7535,182.26275
7536,312.967
7537,322.367
7538,263.986
7539,116.244
7540,100.54
7541,259.87975
7542,380.25325
7543,258.76925
7544,343.973
7545,451.6875
7546,341.99975
7547,153.479
7548,131.495
7549,194.3755
7550,113.51275
7551,216.42925
7552,314.15425
7553,165.81825
7554,168.99325
7555,173.10825
7556,183.966
7557,168.93
7558,122.229
7559,298.72925
7560,214.7435
7561,293.88675
7562,181.81875
7563,140.53525
7564,199.9645
7565,215.44325
7566,181.309
7567,135.086
7568,381.281
7569,241.52975
7570,141.1095
7571,149.981
7572,147.577
7573,223.484
7574,245.18
7575,154.314
7576,343.548
7577,86.416
7578,80.055
7579,179.36
7580,141.368
7581,216.5655
7582,283.5755
7583,303.302
7584,316.9675
7585,245.374
7586,152.46025
7587,178.90675
7588,200.201
7589,258.5085
7590,203.30725
7591,177.829
7592,161.56575
7593,224.27125
7594,176.7105
7595,159.6125
7596,111.639
7597,276.471
7598,184.3975
7599,186.49
7600,205.281
7601,286.51925
7602,185.045
7603,204.1035
7604,286.82425
7605,249.685
7606,205.2445
7607,359.595
7608,291.20775
7609,246.60075
7610,163.4575
7611,184.3295
7612,597.5745000000002
7613,209.0105
7614,158.37
7615,224.137
7616,321.0155
7617,267.29675
7618,129.316
7619,152.05225
7620,167.20925
7621,199.5465
7622,372.1655
7623,89.30225
7624,205.52075
7625,73.841
7626,167.839
7627,169.55775
7628,194.0375
7629,331.43
7630,162.03625
7631,121.188
7632,150.98325
7633,258.4645
7634,156.02375
7635,186.456
7636,215.2205
7637,362.71725
7638,141.05175
7639,147.704
7640,354.1675
7641,413.5395
7642,132.6825
7643,208.69425
7644,178.73975
7645,255.237
7646,221.49825
7647,101.924
7648,212.4825
7649,494.7
7650,78.923
7651,73.27
7652,258.32675
7653,396.459
7654,158.639
7655,208.845
7656,595.55
7657,207.8505
7658,240.364
7659,150.23375
7660,205.636
7661,170.5055
7662,106.822
7663,373.145
7664,233.69975
7665,250.3735
7666,153.4865
7667,163.7995
7668,114.584
7669,173.84325
7670,173.32375
7671,102.442
7672,222.481
7673,181.1885
7674,231.35175
7675,164.082
7676,212.9005
7677,185.03
7678,495.537
7679,482.311
7680,241.58525
7681,373.69325
7682,181.55475
7683,98.66475
7684,240.5165
7685,88.33525
7686,209.01175
7687,97.26175
7688,103.464
7689,137.564
7690,135.4655
7691,219.75675
7692,322.51025
7693,277.5915
7694,340.33825
7695,178.03725
7696,347.62675
7697,355.61475
7698,389.5955
7699,291.34125
7700,301.0825
7701,98.81
7702,184.9385
7703,181.6825
7704,112.74825
7705,182.626
7706,264.356
7707,246.32725
7708,192.85375
7709,144.70525
7710,472.029
7711,154.5225
7712,287.8745
7713,112.8915
7714,271.60475
7715,233.12225
7716,402.3125
7717,240.48575
7718,228.428
7719,83.118
7720,139.78625
7721,154.9325
7722,163.387
7723,457.3665
7724,169.66325
7725,667.2065
7726,186.22225
7727,163.737
7728,326.3785
7729,165.794
7730,148.83125
7731,293.271
7732,251.06025
7733,195.13525
7734,224.062
7735,441.79975
7736,169.847
7737,202.30975
7738,240.60525
7739,200.85025
7740,248.39875
7741,147.143
7742,367.68975
7743,326.36175
7744,270.686
7745,272.71725
7746,73.7185
7747,561.835
7748,259.46975
7749,270.2115
7750,201.84275
7751,238.7275
7752,104.129
7753,182.5845
7754,317.36775
7755,339.2705
7756,190.06075
7757,207.641
7758,180.921
7759,428.17825
7760,440.598
7761,199.37025
7762,407.934
7763,632.6935
7764,286.275
7765,146.31075
7766,243.4935
7767,229.414
7768,216.814
7769,141.14475
7770,257.073
7771,437.5665
7772,210.883
7773,197.25075
7774,227.20125
7775,289.38075
7776,278.92175
7777,286.77775
7778,73.86
7779,408.5775
7780,273.84375
7781,269.613
7782,132.14525
7783,163.015
7784,296.88275
7785,110.224
7786,275.25075
7787,270.84275
7788,325.191
7789,508.22775
7790,187.79675
7791,123.822
7792,207.36625
7793,360.01575
7794,292.725
7795,162.505
7796,161.76125
7797,137.923
7798,186.68825
7799,216.6975
7800,341.8895
7801,325.254
7802,207.6155
7803,141.52925
7804,245.335
7805,118.756
7806,199.91825
7807,444.56025
7808,115.612
7809,92.351
7810,231.2465
7811,74.899
7812,207.61425
7813,261.4195
7814,265.487
7815,144.9815
7816,219.184
7817,586.36525
7818,85.946
7819,136.439
7820,435.02975
7821,236.67075
7822,201.91075
7823,362.63075
7824,299.6235
7825,214.0035
7826,92.271
7827,134.5215
7828,84.299
7829,118.85475
7830,255.21125
7831,110.912
7832,333.17275
7833,232.82
7834,263.885
7835,253.566
7836,157.10325
7837,73.542
7838,272.754
7839,344.79175
7840,144.574
7841,435.89425
7842,394.8025
7843,301.05725
7844,151.906
7845,182.2475
7846,295.896
7847,477.8475
7848,304.11925
7849,350.38425
7850,177.3525
7851,63.46125
7852,203.94675
7853,245.9965
7854,382.13825
7855,163.6125
7856,197.657
7857,221.93875
7858,93.09825
7859,197.07475
7860,272.06325
7861,358.347
7862,188.724
7863,76.6995
7864,193.85875
7865,297.416
7866,144.319
7867,114.593
7868,121.6635
7869,415.359
7870,161.81925
7871,473.73225
7872,257.83725
7873,224.5705
7874,224.89225
7875,157.3465
7876,167.0405
7877,226.34125
7878,388.83025
7879,310.94425
7880,250.48975
7881,624.77425
7882,413.84075
7883,252.08825
7884,200.562
7885,217.8795
7886,261.04775
7887,185.26325
7888,62.693
7889,439.772
7890,228.3195
7891,162.609
7892,256.273
7893,262.12475
7894,234.87625
7895,193.165
7896,216.23525
7897,342.5315
7898,158.281
7899,231.6985
7900,285.29625
7901,289.95425
7902,121.809
7903,73.1
7904,311.10675
7905,126.96025
7906,145.49625
7907,201.2155
7908,366.29325
7909,74.655
7910,212.1165
7911,377.829
7912,148.81825
7913,379.2405
7914,349.474
7915,512.7405
7916,544.854
7917,191.035
7918,162.432
7919,169.64125
7920,143.83525
7921,187.74525
7922,76.499
7923,197.879
7924,220.31125
7925,386.7095
7926,307.535
7927,178.566
7928,245.496
7929,356.60975
7930,459.35325
7931,351.42475
7932,249.1405
7933,130.1395
7934,188.61325
7935,160.566
7936,176.90075
7937,101.606
7938,264.07325
7939,150.69025
7940,112.271
7941,316.5125
7942,176.49725
7943,79.18
7944,95.885
7945,184.78425
7946,146.911
7947,363.66125
7948,240.45075
7949,72.305
7950,388.88075
7951,242.7805
7952,204.2995
7953,223.90175
7954,331.074
7955,260.412
7956,121.781
7957,503.97425
7958,430.12675
7959,492.6195
7960,107.848
7961,242.753
7962,650.3777500000001
7963,292.658
7964,401.038
7965,483.458
7966,309.06175
7967,169.32775
7968,260.90925
7969,168.66175
7970,102.24725
7971,229.49025
7972,280.6965
7973,55.375
7974,130.5335
7975,400.799
7976,168.99325
7977,160.2565
7978,94.315
7979,198.47225
7980,203.8655
7981,161.78075
7982,250.11425
7983,159.2505
7984,114.34525
7985,185.1565
7986,70.879
7987,280.1175
7988,185.96475
7989,136.511
7990,255.6535
7991,172.5515
7992,82.803
7993,148.84725
7994,195.786
7995,143.5745
7996,354.55975
7997,373.69775
7998,65.405
7999,181.43325
8000,176.803
8001,223.641
8002,255.1255
8003,82.935
8004,623.616
8005,216.69575
8006,233.87
8007,200.13125
8008,275.008
8009,200.40375
8010,645.91825
8011,355.3895
8012,203.042
8013,63.395
8014,154.827
8015,95.863
8016,69.899
8017,323.658
8018,138.184
8019,234.45225
8020,493.62925
8021,202.03825
8022,227.985
8023,515.05875
8024,210.47325
8025,239.82525
8026,210.282
8027,190.39325
8028,342.477
8029,176.959
8030,236.93825
8031,213.17225
8032,244.8875
8033,137.25375
8034,280.686
8035,288.92175
8036,300.112
8037,197.98575
8038,172.2365
8039,227.89025
8040,218.97275
8041,443.06825
8042,191.2735
8043,274.30725
8044,207.26325
8045,150.93125
8046,283.92925
8047,244.7035
8048,230.55
8049,385.7695
8050,231.256
8051,326.26025
8052,219.46875
8053,430.6225
8054,270.23725
8055,215.058
8056,241.323
8057,322.4145
8058,239.73975
8059,194.79
8060,330.764
8061,237.95775
8062,327.9915
8063,215.388
8064,174.2105
8065,173.615
8066,326.094
8067,110.1445
8068,381.82675
8069,696.4285
8070,183.03625
8071,64.377
8072,260.37075
8073,400.89475
8074,127.469
8075,155.391
8076,213.8675
8077,217.336
8078,228.12375
8079,196.29725
8080,94.44425
8081,66.735
8082,190.594
8083,324.538
8084,173.10275
8085,161.55275
8086,155.188
8087,248.4535
8088,151.3895
8089,170.2835
8090,426.6895
8091,65.09
8092,635.64425
8093,160.22325
8094,156.56925
8095,203.6745
8096,459.0965
8097,180.087
8098,384.53675
8099,298.1345
8100,139.93475
8101,215.7945
8102,325.52925
8103,178.92225
8104,262.7605
8105,261.23025
8106,69.265
8107,291.06425
8108,227.23925
8109,250.15125
8110,254.06125
8111,117.6295
8112,336.835
8113,146.121
8114,190.261
8115,388.51225
8116,69.665
8117,116.802
8118,319.807
8119,106.746
8120,316.4215
8121,184.005
8122,236.739
8123,290.7025
8124,122.936
8125,255.77975
8126,179.07175
8127,202.694
8128,182.8385
8129,85.79725
8130,277.10625
8131,207.0155
8132,64.518
8133,188.3075
8134,228.61525
8135,224.6725
8136,230.33975
8137,310.0395
8138,119.46425
8139,164.7135
8140,408.0795
8141,445.6705
8142,111.51225
8143,80.047
8144,174.004
8145,259.09175
8146,270.0955
8147,207.82175
8148,150.289
8149,333.04475
8150,264.179
8151,270.4385
8152,448.35525
8153,265.84275
8154,109.521
8155,278.798
8156,264.50875
8157,139.93325
8158,218.693
8159,263.369
8160,169.6365
8161,384.33725
8162,296.8195
8163,297.1115
8164,187.05675
8165,248.37775
8166,367.27975
8167,440.3315
8168,279.71075
8169,284.37375
8170,300.478
8171,272.026
8172,188.12725
8173,340.10875
8174,325.309
8175,235.8485
8176,399.81725
8177,92.28125
8178,170.8995
8179,138.3975
8180,181.52
8181,260.59575
8182,165.36525
8183,172.89525
8184,232.1315
8185,218.3615
8186,563.3475
8187,146.077
8188,265.2025
8189,491.78275
8190,414.27725
8191,227.75
8192,80.301
8193,226.915
8194,222.402
8195,253.29575
8196,271.50075
8197,339.0655
8198,301.66925
8199,310.894
8200,226.622
8201,321.975
8202,246.36625
8203,183.40475
8204,410.35525
8205,180.322
8206,287.742
8207,245.986
8208,80.952
8209,196.81825
8210,234.41
8211,148.33
8212,249.2405
8213,495.42625
8214,403.01
8215,222.12575
8216,243.89525
8217,208.216
8218,162.919
8219,303.69725
8220,168.131
8221,288.40575
8222,210.5905
8223,301.8255
8224,166.69375
8225,164.024
8226,67.446
8227,460.59625
8228,318.41025
8229,235.71875
8230,277.57225
8231,148.527
8232,387.081
8233,182.54425
8234,250.5525
8235,405.4395
8236,324.2905
8237,176.382
8238,264.39925
8239,376.944
8240,167.79825
8241,168.261
8242,236.48525
8243,375.23925
8244,223.858
8245,454.355
8246,319.287
8247,337.68575
8248,332.38875
8249,314.5785
8250,320.08875
8251,136.57175
8252,202.2815
8253,279.177
8254,287.6535
8255,298.26775
8256,215.026
8257,210.53525
8258,292.615
8259,326.5575
8260,176.64225
8261,290.23925
8262,238.12625
8263,257.05375
8264,302.659
8265,126.20525
8266,207.436
8267,279.90275
8268,55.734
8269,165.95025
8270,163.16675
8271,314.103
8272,102.71425
8273,252.9085
8274,232.547
8275,217.06125
8276,140.259
8277,174.74225
8278,147.53875
8279,107.033
8280,463.23
8281,411.7115
8282,252.51625
8283,188.23625
8284,165.135
8285,157.0625
8286,141.34925
8287,262.177
8288,98.132
8289,290.194
8290,250.70875
8291,294.38625
8292,582.73975
8293,162.36025
8294,159.525
8295,341.274
8296,199.46775
8297,380.792
8298,122.58
8299,83.15325
8300,151.61
8301,172.25475
8302,159.56675
8303,181.51325
8304,173.77775
8305,146.5815
8306,320.917
8307,197.5785
8308,273.6785
8309,239.49325
8310,235.459
8311,146.19425
8312,133.4475
8313,81.24025
8314,415.2215
8315,176.43375
8316,281.82325
8317,497.86375
8318,307.70075
8319,289.565
8320,398.523
8321,225.941
8322,287.6435
8323,416.16975
8324,376.4025
8325,87.57225
8326,307.164
8327,185.03925
8328,84.401
8329,299.25725
8330,330.035
8331,83.837
8332,70.951
8333,186.2825
8334,168.382
8335,146.65825
8336,292.03125
8337,585.71225
8338,73.419
8339,74.835
8340,112.11
8341,231.469
8342,252.03025
8343,186.127
8344,261.01725
8345,281.07
8346,69.948
8347,189.1495
8348,157.2305
8349,271.68875
8350,306.58675
8351,117.18875
8352,94.194
8353,284.83075
8354,408.40225
8355,201.7185
8356,669.1825
8357,81.687
8358,73.336
8359,75.174
8360,76.196
8361,144.18075
8362,100.987
8363,238.43725
8364,348.515
8365,408.50775
8366,620.816
8367,608.37775
8368,74.499
8369,282.44675
8370,264.77475
8371,246.028
8372,94.075
8373,139.16925
8374,286.234
8375,178.90275
8376,217.20125
8377,207.34325
8378,244.83825
8379,201.483
8380,239.87125
8381,63.496
8382,266.12925
8383,436.5995
8384,200.88925
8385,167.87625
8386,625.87475
8387,110.572
8388,120.2445
8389,223.41025
8390,172.2195
8391,156.5365
8392,72.6355
8393,77.6405
8394,537.12575
8395,331.987
8396,319.6045
8397,270.03775
8398,287.65975
8399,139.26775
8400,86.562
8401,175.16
8402,385.9915
8403,183.94425
8404,251.25025
8405,243.13025
8406,182.18325
8407,275.96625
8408,93.824
8409,200.583
8410,342.057
8411,74.515
8412,78.31
8413,256.5185
8414,256.459
8415,139.13125
8416,322.039
8417,430.673
8418,216.26825
8419,128.2465
8420,203.2065
8421,375.61075
8422,415.037
8423,296.51225
8424,171.69975
8425,192.61025
8426,442.661
8427,173.505
8428,62.026
8429,199.41225
8430,188.30975
8431,195.394
8432,202.01675
8433,265.61775
8434,280.1245
8435,132.773
8436,98.81
8437,139.406
8438,159.957
8439,360.79375
8440,149.169
8441,697.85725
8442,318.0065
8443,448.74125
8444,319.70725
8445,487.89025
8446,350.38675
8447,292.91925
8448,283.49725
8449,272.084
8450,213.24475
8451,284.98375
8452,161.426
8453,178.755
8454,121.772
8455,175.095
8456,308.43425
8457,164.75675
8458,180.6075
8459,322.5175
8460,174.38625
8461,171.8175
8462,427.29275
8463,501.16225
8464,70.304
8465,308.2895
8466,192.14125
8467,272.9195
8468,261.39025
8469,295.2975
8470,129.40275
8471,69.99425
8472,362.38225
8473,291.69675
8474,403.02175
8475,218.3755
8476,145.14425
8477,168.54825
8478,232.73725
8479,171.7315
8480,74.498
8481,80.443
8482,184.618
8483,305.61775
8484,89.41375
8485,240.783
8486,69.44
8487,168.4015
8488,378.98825
8489,155.88
8490,152.1375
8491,204.74625
8492,276.0375
8493,356.179
8494,245.596
8495,140.8955
8496,236.7905
8497,79.043
8498,163.665
8499,442.12475
8500,156.66825
8501,212.91225
8502,75.864
8503,222.003
8504,261.61225
8505,204.15025
8506,172.61375
8507,392.31275
8508,135.47075
8509,384.049
8510,236.2695
8511,150.50325
8512,201.9455
8513,113.80025
8514,407.7545
8515,252.9555
8516,472.36375
8517,247.28025
8518,350.80475
8519,265.695
8520,65.73
8521,311.281
8522,210.837
8523,338.04075
8524,133.60975
8525,141.81125
8526,305.80325
8527,377.447
8528,309.24675
8529,143.452
8530,136.422
8531,383.085
8532,149.6615
8533,112.348
8534,136.209
8535,211.22725
8536,171.84725
8537,167.3945
8538,270.12275
8539,68.463
8540,188.05625
8541,213.03025
8542,307.4535
8543,378.58075
8544,170.2075
8545,265.579
8546,242.0685
8547,251.0075
8548,62.251
8549,99.11725
8550,213.309
8551,386.92875
8552,418.63675
8553,436.8
8554,253.2305
8555,274.48525
8556,479.78175
8557,246.592
8558,191.84975
8559,255.124
8560,408.318
8561,384.988
8562,108.072
8563,236.71125
8564,317.146
8565,63.857
8566,421.959
8567,228.91925
8568,250.54725
8569,233.15325
8570,454.7735
8571,395.585
8572,181.65425
8573,144.50025
8574,184.30625
8575,78.096
8576,546.49875
8577,168.46975
8578,357.578
8579,97.8335
8580,662.812
8581,259.06675
8582,181.03175
8583,195.3905
8584,160.19525
8585,270.14425
8586,187.31025
8587,309.39775
8588,213.4135
8589,183.79
8590,71.15
8591,222.9845
8592,257.36225
8593,405.05775
8594,299.65025
8595,506.9825
8596,119.493
8597,528.774
8598,263.4325
8599,298.55025
8600,173.29875
8601,288.439
8602,194.232
8603,77.351
8604,164.54475
8605,213.35425
8606,261.21375
8607,380.664
8608,314.03125
8609,156.53225
8610,260.76125
8611,152.292
8612,76.644
8613,223.178
8614,268.694
8615,291.401
8616,212.579
8617,417.396
8618,71.207
8619,337.737
8620,268.68475
8621,538.8005
8622,155.06025
8623,182.2955
8624,292.973
8625,320.83125
8626,243.4335
8627,408.92425
8628,138.00625
8629,120.672
8630,171.92625
8631,118.511
8632,207.81275
8633,351.505
8634,209.4345
8635,364.89225
8636,309.4285
8637,152.74425
8638,158.6355
8639,411.476
8640,148.99125
8641,282.728
8642,316.77425
8643,410.7645
8644,252.08075
8645,398.3445
8646,241.5545
8647,469.81775
8648,58.199
8649,130.6105
8650,198.778
8651,174.328
8652,194.19
8653,211.20425
8654,162.53675
8655,443.45825
8656,224.338
8657,86.32325
8658,91.121
8659,215.482
8660,187.269
8661,193.124
8662,208.99775
8663,227.7625
8664,527.104
8665,319.37
8666,236.56725
8667,125.52925
8668,211.94125
8669,161.475
8670,114.287
8671,242.262
8672,207.14175
8673,297.937
8674,68.873
8675,291.3245
8676,258.194
8677,272.97625
8678,301.06175
8679,182.24925
8680,147.7755
8681,292.26625
8682,268.886
8683,102.735
8684,84.58325
8685,74.306
8686,267.03025
8687,104.8745
8688,87.755
8689,375.24575
8690,178.5055
8691,246.11975
8692,261.908
8693,653.882
8694,210.306
8695,218.88975
8696,346.059
8697,286.458
8698,323.3635
8699,549.51625
8700,278.47375
8701,143.282
8702,273.97175
8703,436.60275
8704,179.12725
8705,137.50325
8706,157.18375
8707,265.38575
8708,243.952
8709,174.9365
8710,87.49925
8711,189.90425
8712,101.13825
8713,78.664
8714,330.08975
8715,240.98925
8716,304.819
8717,198.9515
8718,69.71
8719,71.5085
8720,241.46375
8721,502.594
8722,213.572
8723,73.439
8724,249.40825
8725,312.78225
8726,174.05425
8727,391.1235
8728,139.1205
8729,255.9505
8730,477.0
8731,164.06825
8732,535.64625
8733,222.7165
8734,190.80175
8735,307.948
8736,90.931
8737,106.0625
8738,99.1
8739,276.9185
8740,482.68525
8741,210.38125
8742,304.12675
8743,211.23275
8744,236.653
8745,261.3225
8746,179.206
8747,179.76325
8748,100.61
8749,734.58475
8750,261.0755
8751,213.21275
8752,188.17275
8753,195.90475
8754,123.657
8755,279.506
8756,204.05975
8757,285.5735
8758,381.85875
8759,147.079
8760,133.15075
8761,162.28125
8762,169.0815
8763,139.0555
8764,228.94425
8765,224.89575
8766,222.67025
8767,165.4215
8768,165.38675
8769,280.11175
8770,302.691
8771,340.107
8772,129.617
8773,58.536
8774,163.209
8775,188.02225
8776,178.167
8777,323.0055
8778,286.61875
8779,202.487
8780,295.457
8781,520.61525
8782,228.438
8783,159.7045
8784,192.116
8785,146.3485
8786,508.038
8787,319.372
8788,260.23
8789,61.769
8790,90.174
8791,320.6015
8792,266.4695
8793,357.5835
8794,114.19475
8795,153.57975
8796,184.216
8797,245.53475
8798,174.466
8799,381.19275
8800,180.42625
8801,184.5785
8802,425.4045
8803,316.54375
8804,84.49575
8805,166.742
8806,245.4725
8807,189.83025
8808,133.60125
8809,75.327
8810,705.23975
8811,133.92625
8812,220.005
8813,161.49825
8814,150.385
8815,133.60875
8816,124.58125
8817,136.7535
8818,172.998
8819,76.10825
8820,477.63
8821,241.02825
8822,196.21475
8823,236.86225
8824,185.87525
8825,414.46875
8826,417.12175
8827,432.0455
8828,230.7785
8829,131.138
8830,108.4885
8831,152.6275
8832,251.7955
8833,109.733
8834,317.96275
8835,179.133
8836,413.51725
8837,265.1435
8838,347.57175
8839,188.19225
8840,238.77775
8841,79.25725
8842,232.00275
8843,208.5315
8844,220.67875
8845,331.08225
8846,152.95875
8847,296.61425
8848,311.81075
8849,175.68
8850,199.61925
8851,306.35
8852,213.8675
8853,176.319
8854,301.4705
8855,230.67225
8856,499.28775
8857,229.85475
8858,159.259
8859,63.193
8860,335.258
8861,86.4545
8862,235.484
8863,191.75875
8864,88.82
8865,157.579
8866,154.69725
8867,309.6545
8868,77.49325
8869,191.88125
8870,286.458
8871,109.77675
8872,148.68875
8873,265.518
8874,346.88475
8875,183.26725
8876,308.90775
8877,204.14575
8878,136.86625
8879,209.46425
8880,250.8875
8881,222.7355
8882,230.27875
8883,260.217
8884,261.10875
8885,267.51875
8886,340.9405
8887,95.316
8888,206.589
8889,132.812
8890,294.29525
8891,161.66825
8892,78.807
8893,359.50925
8894,327.85075
8895,203.722
8896,281.46
8897,125.547
8898,169.839
8899,115.59125
8900,211.01125
8901,249.618
8902,252.873
8903,228.483
8904,267.311
8905,171.918
8906,114.71275
8907,283.03525
8908,185.03025
8909,203.1735
8910,164.51475
8911,264.7835
8912,181.86825
8913,91.611
8914,267.425
8915,555.45075
8916,395.66975
8917,162.82375
8918,96.344
8919,450.93075
8920,121.38
8921,516.0365
8922,94.40525
8923,403.0195
8924,95.74675
8925,82.899
8926,317.16475
8927,90.59525
8928,465.16425
8929,171.89375
8930,295.9545
8931,229.06475
8932,79.4335
8933,266.88475
8934,187.91025
8935,268.67525
8936,551.68075
8937,187.81925
8938,305.92125
8939,298.322
8940,217.60825
8941,165.323
8942,60.32
8943,243.18775
8944,232.5695
8945,349.74725
8946,278.9075
8947,129.51925
8948,659.283
8949,337.159
8950,276.15525
8951,284.73575
8952,238.404
8953,396.84
8954,325.15475
8955,169.10125
8956,207.9845
8957,532.03475
8958,188.0725
8959,516.767
8960,413.00525
8961,201.175
8962,418.51275
8963,402.36275
8964,228.75325
8965,246.94625
8966,184.123
8967,214.9735
8968,458.61425
8969,71.975
8970,254.774
8971,149.382
8972,152.355
8973,200.51375
8974,228.7575
8975,395.59075
8976,251.0385
8977,257.06775
8978,210.072
8979,617.248
8980,159.15
8981,169.97075
8982,474.8925
8983,192.39
8984,237.19075
8985,176.706
8986,252.27675
8987,133.197
8988,511.2035
8989,360.39775
8990,197.495
8991,231.51025
8992,93.63325
8993,443.18375
8994,153.248
8995,70.645
8996,657.217
8997,157.2
8998,459.74775
8999,189.64375
9000,177.02925
9001,101.6285
9002,172.98875
9003,260.6575
9004,137.4205
9005,123.82175
9006,126.958
9007,72.231
9008,240.5355
9009,102.803
9010,110.9605
9011,214.3825
9012,244.54275
9013,303.64075
9014,270.44525
9015,58.637
9016,227.874
9017,167.21
9018,111.77
9019,225.509
9020,157.57375
9021,154.399
9022,218.13675
9023,77.412
9024,183.193
9025,270.849
9026,67.987
9027,173.1745
9028,200.34725
9029,168.3165
9030,598.30575
9031,146.0925
9032,231.4555
9033,193.4225
9034,206.968
9035,183.0105
9036,138.41575
9037,184.4875
9038,185.2835
9039,260.01325
9040,140.569
9041,161.87325
9042,190.24575
9043,191.331
9044,257.6455
9045,350.77575
9046,297.77125
9047,158.14625
9048,283.727
9049,123.491
9050,146.17425
9051,232.07525
9052,138.89775
9053,167.144
9054,94.866
9055,134.9565
9056,233.17825
9057,181.00925
9058,193.5
9059,64.042
9060,272.0365
9061,150.81475
9062,229.239
9063,226.6115
9064,195.394
9065,188.12725
9066,563.3505
9067,210.4295
9068,101.609
9069,361.511
9070,102.612
9071,156.02475
9072,303.2505
9073,153.66825
9074,365.535
9075,269.532
9076,200.95125
9077,407.4265
9078,196.02375
9079,457.56325
9080,168.23525
9081,207.47525
9082,234.01725
9083,115.12075
9084,257.47525
9085,141.653
9086,165.86825
9087,275.0565
9088,318.52375
9089,274.337
9090,218.582
9091,156.07075
9092,220.67975
9093,298.40875
9094,205.97675
9095,252.09275
9096,286.01925
9097,78.675
9098,270.37125
9099,159.49375
9100,206.69725
9101,183.84875
9102,149.11
9103,166.5895
9104,273.21775
9105,291.51975
9106,356.86725
9107,81.6575
9108,218.7045
9109,361.351
9110,218.73875
9111,231.30725
9112,136.959
9113,264.81575
9114,170.986
9115,216.56925
9116,77.153
9117,203.02875
9118,285.43275
9119,71.3
9120,208.234
9121,212.67075
9122,238.77575
9123,244.63625
9124,171.9275
9125,89.52825
9126,306.326
9127,393.8585
9128,212.57375
9129,59.717
9130,120.61725
9131,321.2455
9132,207.731
9133,80.468
9134,228.6665
9135,149.1975
9136,324.79525
9137,166.56775
9138,261.8975
9139,121.1075
9140,82.108
9141,211.65025
9142,177.79025
9143,74.46525
9144,413.6675
9145,297.4765
9146,130.82175
9147,165.61475
9148,346.196
9149,608.0402500000001
9150,176.78175
9151,160.2885
9152,200.8095
9153,175.1015
9154,556.3995
9155,194.90175
9156,162.08925
9157,145.641
9158,249.788
9159,81.591
9160,179.91825
9161,223.42575
9162,247.94975
9163,185.30175
9164,178.44
9165,193.05325
9166,230.37575
9167,243.7895
9168,134.34025
9169,86.69
9170,119.55325
9171,254.00675
9172,111.02225
9173,172.11975
9174,605.12325
9175,529.2975
9176,88.4785
9177,128.72175
9178,245.446
9179,70.639
9180,180.6165
9181,85.65725
9182,95.45
9183,282.7525
9184,392.38475
9185,101.8895
9186,149.42025
9187,135.625
9188,313.748
9189,196.83275
9190,91.27425
9191,115.32625
9192,221.796
9193,343.194
9194,162.37875
9195,248.98775
9196,188.553
9197,158.66775
9198,190.8025
9199,375.19175
9200,205.826
9201,197.73275
9202,174.80975
9203,301.10725
9204,188.79975
9205,272.7225
9206,198.6135
9207,331.023
9208,295.151
9209,98.8435
9210,198.9745
9211,187.0905
9212,169.43075
9213,262.994
9214,216.8875
9215,231.5815
9216,93.44625
9217,238.298
9218,160.65
9219,110.08575
9220,187.10175
9221,458.87825
9222,534.479
9223,79.383
9224,146.9595
9225,188.36275
9226,207.18
9227,181.19525
9228,241.68625
9229,276.33175
9230,281.3975
9231,412.2925
9232,193.89725
9233,146.98875
9234,276.01025
9235,82.05225
9236,235.35625
9237,259.733
9238,203.20275
9239,102.0995
9240,116.56475
9241,338.1735
9242,84.09225
9243,212.063
9244,270.92775
9245,210.83
9246,218.324
9247,213.5015
9248,299.74825
9249,100.66725
9250,145.18075
9251,145.2785
9252,486.88375
9253,203.79425
9254,167.19225
9255,615.79475
9256,123.54275
9257,102.52075
9258,124.29525
9259,111.4
9260,616.46025
9261,86.53025
9262,230.188
9263,99.196
9264,339.4935
9265,149.3555
9266,88.825
9267,207.57675
9268,102.444
9269,197.04525
9270,251.858
9271,180.2035
9272,90.7975
9273,151.4705
9274,131.7455
9275,169.926
9276,97.4285
9277,83.915
9278,139.863
9279,351.594
9280,164.4545
9281,74.59025
9282,239.40875
9283,167.3425
9284,85.542
9285,183.60725
9286,176.65375
9287,272.281
9288,194.522
9289,98.47225
9290,195.0455
9291,349.49325
9292,300.89875
9293,187.0365
9294,588.053
9295,87.26325
9296,306.544
9297,269.89825
9298,179.8405
9299,207.9625
9300,177.80725
9301,304.7975
9302,211.8765
9303,279.73625
9304,110.177
9305,199.01375
9306,129.172
9307,490.65075
9308,684.585
9309,248.45525
9310,166.503
9311,173.641
9312,232.40675
9313,92.39725
9314,254.372
9315,323.975
9316,423.72325
9317,90.412
9318,143.28675
9319,188.618
9320,205.415
9321,126.0855
9322,482.79475
9323,121.23125
9324,236.617
9325,194.41275
9326,232.034
9327,73.492
9328,345.2285
9329,139.34150000000002
9330,147.15775
9331,449.9035
9332,160.007
9333,127.2625
9334,82.94325
9335,438.00025
9336,72.971
9337,160.951
9338,174.1615
9339,201.729
9340,150.57325
9341,250.8415
9342,280.52375
9343,213.4675
9344,298.88175
9345,209.14125
9346,232.8185
9347,251.88625
9348,202.3175
9349,192.654
9350,207.16775
9351,230.3075
9352,131.002
9353,109.3505
9354,182.76625
9355,269.1305
9356,279.0705
9357,375.25525
9358,525.501
9359,252.34725
9360,244.20825
9361,82.1855
9362,155.01025
9363,181.63225
9364,256.60275
9365,205.1325
9366,164.63975
9367,589.41325
9368,250.05775
9369,336.50475
9370,274.4895
9371,126.8585
9372,130.8215
9373,204.861
9374,585.13575
9375,632.644
9376,277.9535
9377,63.965
9378,297.5325
9379,258.52775
9380,370.89375
9381,377.45775
9382,199.0165
9383,260.839
9384,62.966
9385,163.4205
9386,363.19025
9387,241.6865
9388,330.9925
9389,332.91475
9390,279.95675
9391,300.567
9392,441.586
9393,126.6405
9394,237.82375
9395,312.357
9396,83.1385
9397,313.48025
9398,570.4135
9399,248.769
9400,238.448
9401,164.8235
9402,140.07175
9403,80.295
9404,521.936
9405,256.74875
9406,292.8275
9407,150.18275
9408,486.7295
9409,130.18375
9410,226.197
9411,194.87325
9412,213.32725
9413,425.66975
9414,87.608
9415,226.74025
9416,521.59125
9417,77.15
9418,182.36975
9419,298.365
9420,60.641
9421,189.016
9422,170.4115
9423,458.35575
9424,113.8005
9425,130.54025
9426,314.0135
9427,168.2065
9428,222.18225
9429,216.66475
9430,162.752
9431,410.7835
9432,157.65
9433,197.598
9434,184.637
9435,65.219
9436,153.1345
9437,127.082
9438,158.356
9439,158.63025
9440,232.9495
9441,282.97825
9442,168.315
9443,79.18225
9444,185.772
9445,179.326
9446,228.71675
9447,275.28975
9448,239.99
9449,292.937
9450,125.63675
9451,105.4045
9452,295.792
9453,92.1205
9454,188.29575
9455,85.18025
9456,70.7555
9457,184.9655
9458,141.689
9459,255.8905
9460,329.5135
9461,137.784
9462,80.437
9463,186.47225
9464,377.8295
9465,129.68025
9466,61.176
9467,146.497
9468,283.183
9469,239.978
9470,212.1595
9471,191.59925
9472,143.23
9473,225.09225
9474,150.8385
9475,110.0505
9476,604.14725
9477,222.7285
9478,89.9655
9479,265.6835
9480,217.07725
9481,265.3045
9482,180.57775
9483,326.84975
9484,250.72075
9485,86.05
9486,93.421
9487,227.224
9488,454.4735
9489,217.427
9490,439.259
9491,443.69275
9492,124.67025
9493,245.116
9494,223.401
9495,193.643
9496,76.03625
9497,164.2655
9498,140.26325
9499,86.278
9500,253.54075
9501,102.1065
9502,116.1625
9503,194.73025
9504,286.4575
9505,135.0305
9506,230.047
9507,182.855
9508,132.8445
9509,190.803
9510,315.163
9511,81.172
9512,239.754
9513,107.255
9514,408.823
9515,405.02025
9516,124.03675
9517,120.07375
9518,141.31225
9519,192.995
9520,163.2325
9521,73.14625
9522,75.92025
9523,208.82575
9524,101.341
9525,244.5815
9526,152.7775
9527,180.71925
9528,67.605
9529,145.396
9530,261.74825
9531,377.99625
9532,80.83025
9533,547.42025
9534,167.86925
9535,91.491
9536,343.5225
9537,301.7905
9538,99.59075
9539,102.69
9540,215.80425
9541,194.09025
9542,315.53025
9543,229.2715
9544,174.939
9545,210.859
9546,165.9925
9547,114.936
9548,176.29875
9549,94.9
9550,272.01375
9551,174.0195
9552,169.02275
9553,265.985
9554,168.114
9555,89.82225
9556,137.3395
9557,288.16075
9558,81.89575
9559,117.96325
9560,299.90875
9561,241.2145
9562,193.492
9563,232.447
9564,279.8395
9565,230.4765
9566,212.009
9567,103.7215
9568,546.271
9569,67.84425
9570,110.83
9571,174.815
9572,82.13125
9573,209.90575
9574,224.491
9575,225.558
9576,224.507
9577,195.76075
9578,232.24475
9579,249.54725
9580,76.0915
9581,281.6075
9582,318.7405
9583,451.7815
9584,83.8235
9585,243.26275
9586,89.04925
9587,151.62525
9588,71.089
9589,239.378
9590,431.0595
9591,164.17275
9592,64.485
9593,260.72425
9594,250.4475
9595,72.7925
9596,213.407
9597,76.57425
9598,83.261
9599,196.3395
9600,261.83425
9601,64.945
9602,193.86425
9603,649.334
9604,307.464
9605,335.898
9606,108.79975
9607,86.2335
9608,93.86725
9609,92.27325
9610,104.029
9611,191.8005
9612,75.47775
9613,85.3735
9614,255.33975
9615,210.1835
9616,155.806
9617,103.205
9618,129.01475
9619,278.212
9620,499.4515
9621,719.80475
9622,245.45125
9623,197.428
9624,261.39225
9625,165.6145
9626,88.245
9627,249.66425
9628,697.459
9629,88.61625
9630,157.819
9631,108.2715
9632,290.5475
9633,177.8745
9634,200.85775
9635,276.016
9636,152.11025
9637,90.982
9638,321.098
9639,61.681
9640,216.59225
9641,169.593
9642,112.8645
9643,213.7345
9644,189.245
9645,243.66275
9646,178.1695
9647,197.29
9648,377.64375
9649,118.19675
9650,114.47175
9651,145.22675
9652,277.09225
9653,186.2285
9654,173.17725
9655,247.915
9656,124.6345
9657,108.10975
9658,256.71425
9659,315.431
9660,379.09325
9661,252.2805
9662,150.285
9663,252.276
9664,202.89175
9665,161.0305
9666,172.944
9667,214.95375
9668,385.48925
9669,181.39275
9670,195.658
9671,177.251
9672,189.236
9673,222.95375
9674,620.213
9675,264.007
9676,584.1505
9677,233.36
9678,208.76175
9679,70.7475
9680,292.901
9681,209.0685
9682,190.20525
9683,224.18225
9684,182.954
9685,242.88675
9686,192.2885
9687,154.90075
9688,357.98175
9689,191.964
9690,217.02575
9691,247.6225
9692,125.26675
9693,126.87725
9694,182.171
9695,175.57225
9696,191.34925
9697,260.54225
9698,190.0355
9699,375.1905
9700,687.21525
9701,201.81225
9702,229.68375
9703,184.969
9704,152.64125
9705,93.796
9706,159.61525
9707,117.5665
9708,116.55625
9709,135.618
9710,303.8015
9711,180.6
9712,623.5635
9713,61.702
9714,228.70775
9715,122.33375
9716,154.24375
9717,169.2105
9718,309.228
9719,571.411
9720,272.64275
9721,196.262
9722,107.7825
9723,259.672
9724,214.15375
9725,110.8885
9726,273.19075
9727,278.07675
9728,248.60425
9729,155.576
9730,85.4855
9731,354.51725
9732,612.4585
9733,194.21675
9734,469.857
9735,129.11
9736,99.3595
9737,340.275
9738,188.2165
9739,180.87775
9740,185.278
9741,79.59625
9742,96.04725
9743,234.0185
9744,180.9275
9745,214.49525
9746,281.843
9747,224.1335
9748,355.80025
9749,447.755
9750,93.82775
9751,117.669
9752,65.1115
9753,162.86425
9754,115.72225
9755,160.20375
9756,182.403
9757,340.43475
9758,164.204
9759,180.99375
9760,185.051
9761,179.298
9762,627.39725
9763,186.49
9764,103.11025
9765,172.9285
9766,176.53575
9767,511.315
9768,308.8825
9769,260.82375
9770,99.15975
9771,189.00775
9772,153.605
9773,399.9395
9774,95.90325
9775,99.0425
9776,94.9735
9777,75.73925
9778,276.551
9779,727.5002500000002
9780,278.733
9781,199.06475
9782,78.1505
9783,73.141
9784,219.72475
9785,458.8535
9786,77.2185
9787,197.20525
9788,176.94725
9789,74.40525
9790,187.56425
9791,203.921
9792,96.34375
9793,168.5195
9794,71.279
9795,452.65575
9796,57.069
9797,78.184
9798,105.17475
9799,280.63325
9800,236.33225
9801,190.021
9802,117.3505
9803,287.17725
9804,238.346
9805,401.6585
9806,215.08975
9807,199.08775
9808,89.16025
9809,194.4735
9810,290.3855
9811,240.607
9812,98.283
9813,270.178
9814,186.0005
9815,501.7465
9816,88.05
9817,158.268
9818,173.96025
9819,235.83125
9820,174.26525
9821,117.39125
9822,153.63
9823,206.457
9824,94.512
9825,180.48
9826,196.041
9827,108.9525
9828,82.977
9829,201.79275
9830,246.643
9831,235.6285
9832,122.174
9833,342.98175
9834,140.4555
9835,172.45025
9836,330.15275
9837,633.76275
9838,98.852
9839,97.20175
9840,103.4955
9841,141.08425
9842,192.42975
9843,262.09575
9844,204.291
9845,75.821
9846,107.4265
9847,184.13525
9848,290.41875
9849,222.679
9850,161.22225
9851,126.644
9852,179.8495
9853,169.0205
9854,206.92725
9855,150.8085
9856,166.2985
9857,222.539
9858,79.17025
9859,287.40925
9860,233.80375
9861,191.9395
9862,67.335
9863,218.90725
9864,174.70925
9865,170.9725
9866,293.38725
9867,380.047
9868,110.11875
9869,357.55025
9870,79.55925
9871,276.8665
9872,129.403
9873,295.475
9874,190.00975
9875,263.65375
9876,129.0665
9877,246.45475
9878,270.98225
9879,258.59575
9880,71.981
9881,79.2075
9882,195.71075
9883,213.768
9884,193.722
9885,236.5255
9886,269.4985
9887,200.79075
9888,218.276
9889,212.883
9890,166.02325
9891,110.48875
9892,202.14325
9893,281.40975
9894,104.08825
9895,96.44675
9896,110.081
9897,355.86525
9898,171.44
9899,336.2005
9900,222.91575
9901,223.54825
9902,242.97425
9903,155.40925
9904,159.916
9905,255.6205
9906,450.9675
9907,216.6335
9908,390.045
9909,96.6
9910,277.37375
9911,171.8085
9912,130.80225
9913,135.81025
9914,215.5415
9915,155.1255
9916,123.082
9917,150.58825
9918,198.95925
9919,372.107
9920,79.3005
9921,132.94275
9922,154.99975
9923,184.365
9924,129.20425
9925,178.89275
9926,181.924
9927,253.5545
9928,174.97225
9929,152.13975
9930,520.943
9931,68.204
9932,328.31775
9933,246.07875
9934,95.21
9935,396.5735
9936,166.16425
9937,244.99875
9938,194.915
9939,75.1825
9940,382.56675
9941,468.3325
9942,261.62225
9943,78.092
9944,403.3105
9945,369.22175
9946,143.31975
9947,471.4575
9948,218.8405
9949,136.388
9950,449.83725
9951,99.03025
9952,157.64625
9953,263.10375
9954,285.651
9955,164.10575
9956,251.701
9957,170.052
9958,267.03225
9959,161.4215
9960,190.6505
9961,261.26
9962,265.95725
9963,137.6655
9964,202.80625
9965,125.56275
9966,418.001
9967,134.76075
9968,523.0725
9969,67.487
9970,178.9515
9971,236.595
9972,80.372
9973,80.194
9974,380.44775
9975,232.9275
9976,98.57025
9977,346.965
9978,221.356
9979,72.969
9980,331.131
9981,262.8365
9982,223.93
9983,221.922
9984,248.44725
9985,156.0205
9986,193.95475
9987,265.31
9988,164.9445
9989,228.8855
9990,291.88375
9991,176.5985
9992,133.76175
9993,319.0385
9994,384.688
9995,92.35725
9996,180.69675
9997,411.11775
9998,189.9765
9999,259.39725
